{"countryData": [{"Country": "Afghanistan", "Alpha-2 code": "AF", "Alpha-3 code": "AFG"}, {"Country": "Albania", "Alpha-2 code": "AL", "Alpha-3 code": "ALB"}, {"Country": "Algeria", "Alpha-2 code": "DZ", "Alpha-3 code": "DZA"}, {"Country": "American Samoa", "Alpha-2 code": "AS", "Alpha-3 code": "ASM"}, {"Country": "Andorra", "Alpha-2 code": "AD", "Alpha-3 code": "AND"}, {"Country": "Angola", "Alpha-2 code": "AO", "Alpha-3 code": "AGO"}, {"Country": "Anguilla", "Alpha-2 code": "AI", "Alpha-3 code": "AIA"}, {"Country": "Antarctica", "Alpha-2 code": "AQ", "Alpha-3 code": "ATA"}, {"Country": "Antigua and Barbuda", "Alpha-2 code": "AG", "Alpha-3 code": "ATG"}, {"Country": "Argentina", "Alpha-2 code": "AR", "Alpha-3 code": "ARG"}, {"Country": "Armenia", "Alpha-2 code": "AM", "Alpha-3 code": "ARM"}, {"Country": "Aruba", "Alpha-2 code": "AW", "Alpha-3 code": "ABW"}, {"Country": "Australia", "Alpha-2 code": "AU", "Alpha-3 code": "AUS"}, {"Country": "Austria", "Alpha-2 code": "AT", "Alpha-3 code": "AUT"}, {"Country": "Azerbaijan", "Alpha-2 code": "AZ", "Alpha-3 code": "AZE"}, {"Country": "Bahamas", "Alpha-2 code": "BS", "Alpha-3 code": "BHS"}, {"Country": "Bahrain", "Alpha-2 code": "BH", "Alpha-3 code": "BHR"}, {"Country": "Bangladesh", "Alpha-2 code": "BD", "Alpha-3 code": "BGD"}, {"Country": "Barbados", "Alpha-2 code": "BB", "Alpha-3 code": "BRB"}, {"Country": "Belarus", "Alpha-2 code": "BY", "Alpha-3 code": "BLR"}, {"Country": "Belgium", "Alpha-2 code": "BE", "Alpha-3 code": "BEL"}, {"Country": "Belize", "Alpha-2 code": "BZ", "Alpha-3 code": "BLZ"}, {"Country": "Benin", "Alpha-2 code": "BJ", "Alpha-3 code": "BEN"}, {"Country": "Bermuda", "Alpha-2 code": "BM", "Alpha-3 code": "BMU"}, {"Country": "Bhutan", "Alpha-2 code": "BT", "Alpha-3 code": "BTN"}, {"Country": "Bolivia, Plurinational State of", "Alpha-2 code": "BO", "Alpha-3 code": "BOL"}, {"Country": "Bolivia", "Alpha-2 code": "BO", "Alpha-3 code": "BOL"}, {"Country": "Bosnia and Herzegovina", "Alpha-2 code": "BA", "Alpha-3 code": "BIH"}, {"Country": "Botswana", "Alpha-2 code": "BW", "Alpha-3 code": "BWA"}, {"Country": "Bouvet Island", "Alpha-2 code": "BV", "Alpha-3 code": "BVT"}, {"Country": "Brazil", "Alpha-2 code": "BR", "Alpha-3 code": "BRA"}, {"Country": "British Indian Ocean Territory", "Alpha-2 code": "IO", "Alpha-3 code": "IOT"}, {"Country": "Brunei Darussalam", "Alpha-2 code": "BN", "Alpha-3 code": "BRN"}, {"Country": "Brunei", "Alpha-2 code": "BN", "Alpha-3 code": "BRN"}, {"Country": "Bulgaria", "Alpha-2 code": "BG", "Alpha-3 code": "BGR"}, {"Country": "Burkina Faso", "Alpha-2 code": "BF", "Alpha-3 code": "BFA"}, {"Country": "Burundi", "Alpha-2 code": "BI", "Alpha-3 code": "BDI"}, {"Country": "Cambodia", "Alpha-2 code": "KH", "Alpha-3 code": "KHM"}, {"Country": "Cameroon", "Alpha-2 code": "CM", "Alpha-3 code": "CMR"}, {"Country": "Canada", "Alpha-2 code": "CA", "Alpha-3 code": "CAN"}, {"Country": "Cape Verde", "Alpha-2 code": "CV", "Alpha-3 code": "CPV"}, {"Country": "Cayman Islands", "Alpha-2 code": "KY", "Alpha-3 code": "CYM"}, {"Country": "Central African Republic", "Alpha-2 code": "CF", "Alpha-3 code": "CAF"}, {"Country": "Chad", "Alpha-2 code": "TD", "Alpha-3 code": "TCD"}, {"Country": "Chile", "Alpha-2 code": "CL", "Alpha-3 code": "CHL"}, {"Country": "China", "Alpha-2 code": "CN", "Alpha-3 code": "CHN"}, {"Country": "Christmas Island", "Alpha-2 code": "CX", "Alpha-3 code": "CXR"}, {"Country": "Cocos (Keeling) Islands", "Alpha-2 code": "CC", "Alpha-3 code": "CCK"}, {"Country": "Colombia", "Alpha-2 code": "CO", "Alpha-3 code": "COL"}, {"Country": "Comoros", "Alpha-2 code": "KM", "Alpha-3 code": "COM"}, {"Country": "Congo", "Alpha-2 code": "CG", "Alpha-3 code": "COG"}, {"Country": "Democratic Republic of the Congo", "Alpha-2 code": "CD", "Alpha-3 code": "COD"}, {"Country": "Cook Islands", "Alpha-2 code": "CK", "Alpha-3 code": "COK"}, {"Country": "Costa Rica", "Alpha-2 code": "CR", "Alpha-3 code": "CRI"}, {"Country": "C\u00f4te d'Ivoire", "Alpha-2 code": "CI", "Alpha-3 code": "CIV"}, {"Country": "Ivory Coast", "Alpha-2 code": "CI", "Alpha-3 code": "CIV"}, {"Country": "Croatia", "Alpha-2 code": "HR", "Alpha-3 code": "HRV"}, {"Country": "Cuba", "Alpha-2 code": "CU", "Alpha-3 code": "CUB"}, {"Country": "Cyprus", "Alpha-2 code": "CY", "Alpha-3 code": "CYP"}, {"Country": "Curacao", "Alpha-2 code": "CW", "Alpha-3 code": "CUW"}, {"Country": "Czech Republic", "Alpha-2 code": "CZ", "Alpha-3 code": "CZE"}, {"Country": "Denmark", "Alpha-2 code": "DK", "Alpha-3 code": "DNK"}, {"Country": "Djibouti", "Alpha-2 code": "DJ", "Alpha-3 code": "DJI"}, {"Country": "Dominica", "Alpha-2 code": "DM", "Alpha-3 code": "DMA"}, {"Country": "Dominican Republic", "Alpha-2 code": "DO", "Alpha-3 code": "DOM"}, {"Country": "Ecuador", "Alpha-2 code": "EC", "Alpha-3 code": "ECU"}, {"Country": "Egypt", "Alpha-2 code": "EG", "Alpha-3 code": "EGY"}, {"Country": "El Salvador", "Alpha-2 code": "SV", "Alpha-3 code": "SLV"}, {"Country": "Equatorial Guinea", "Alpha-2 code": "GQ", "Alpha-3 code": "GNQ"}, {"Country": "Eritrea", "Alpha-2 code": "ER", "Alpha-3 code": "ERI"}, {"Country": "Estonia", "Alpha-2 code": "EE", "Alpha-3 code": "EST"}, {"Country": "Ethiopia", "Alpha-2 code": "ET", "Alpha-3 code": "ETH"}, {"Country": "Falkland Islands (Malvinas)", "Alpha-2 code": "FK", "Alpha-3 code": "FLK"}, {"Country": "Faroe Islands", "Alpha-2 code": "FO", "Alpha-3 code": "FRO"}, {"Country": "Fiji", "Alpha-2 code": "FJ", "Alpha-3 code": "FJI"}, {"Country": "Finland", "Alpha-2 code": "FI", "Alpha-3 code": "FIN"}, {"Country": "France", "Alpha-2 code": "FR", "Alpha-3 code": "FRA"}, {"Country": "French Guiana", "Alpha-2 code": "GF", "Alpha-3 code": "GUF"}, {"Country": "French Polynesia", "Alpha-2 code": "PF", "Alpha-3 code": "PYF"}, {"Country": "French Southern Territories", "Alpha-2 code": "TF", "Alpha-3 code": "ATF"}, {"Country": "Gabon", "Alpha-2 code": "GA", "Alpha-3 code": "GAB"}, {"Country": "Gambia", "Alpha-2 code": "GM", "Alpha-3 code": "GMB"}, {"Country": "Georgia", "Alpha-2 code": "GE", "Alpha-3 code": "GEO"}, {"Country": "Germany", "Alpha-2 code": "DE", "Alpha-3 code": "DEU"}, {"Country": "Ghana", "Alpha-2 code": "GH", "Alpha-3 code": "GHA"}, {"Country": "Gibraltar", "Alpha-2 code": "GI", "Alpha-3 code": "GIB"}, {"Country": "Greece", "Alpha-2 code": "GR", "Alpha-3 code": "GRC"}, {"Country": "Greenland", "Alpha-2 code": "GL", "Alpha-3 code": "GRL"}, {"Country": "Grenada", "Alpha-2 code": "GD", "Alpha-3 code": "GRD"}, {"Country": "Guadeloupe", "Alpha-2 code": "GP", "Alpha-3 code": "GLP"}, {"Country": "Guam", "Alpha-2 code": "GU", "Alpha-3 code": "GUM"}, {"Country": "Guatemala", "Alpha-2 code": "GT", "Alpha-3 code": "GTM"}, {"Country": "Guernsey", "Alpha-2 code": "GG", "Alpha-3 code": "GGY"}, {"Country": "Guinea", "Alpha-2 code": "GN", "Alpha-3 code": "GIN"}, {"Country": "Guinea-Bissau", "Alpha-2 code": "GW", "Alpha-3 code": "GNB"}, {"Country": "Guyana", "Alpha-2 code": "GY", "Alpha-3 code": "GUY"}, {"Country": "Haiti", "Alpha-2 code": "HT", "Alpha-3 code": "HTI"}, {"Country": "Heard Island and McDonald Islands", "Alpha-2 code": "HM", "Alpha-3 code": "HMD"}, {"Country": "Holy See (Vatican City State)", "Alpha-2 code": "VA", "Alpha-3 code": "VAT"}, {"Country": "Honduras", "Alpha-2 code": "HN", "Alpha-3 code": "HND"}, {"Country": "Hong Kong", "Alpha-2 code": "HK", "Alpha-3 code": "HKG"}, {"Country": "Hungary", "Alpha-2 code": "HU", "Alpha-3 code": "HUN"}, {"Country": "Iceland", "Alpha-2 code": "IS", "Alpha-3 code": "ISL"}, {"Country": "India", "Alpha-2 code": "IN", "Alpha-3 code": "IND"}, {"Country": "Indonesia", "Alpha-2 code": "ID", "Alpha-3 code": "IDN"}, {"Country": "Iran", "Alpha-2 code": "IR", "Alpha-3 code": "IRN"}, {"Country": "Iraq", "Alpha-2 code": "IQ", "Alpha-3 code": "IRQ"}, {"Country": "Ireland", "Alpha-2 code": "IE", "Alpha-3 code": "IRL"}, {"Country": "Isle of Man", "Alpha-2 code": "IM", "Alpha-3 code": "IMN"}, {"Country": "Israel", "Alpha-2 code": "IL", "Alpha-3 code": "ISR"}, {"Country": "Italy", "Alpha-2 code": "IT", "Alpha-3 code": "ITA"}, {"Country": "Jamaica", "Alpha-2 code": "JM", "Alpha-3 code": "JAM"}, {"Country": "Japan", "Alpha-2 code": "JP", "Alpha-3 code": "JPN"}, {"Country": "Jersey", "Alpha-2 code": "JE", "Alpha-3 code": "JEY"}, {"Country": "Jordan", "Alpha-2 code": "JO", "Alpha-3 code": "JOR"}, {"Country": "Kazakhstan", "Alpha-2 code": "KZ", "Alpha-3 code": "KAZ"}, {"Country": "Kenya", "Alpha-2 code": "KE", "Alpha-3 code": "KEN"}, {"Country": "Kiribati", "Alpha-2 code": "KI", "Alpha-3 code": "KIR"}, {"Country": "Korea, Democratic People's Republic of", "Alpha-2 code": "KP", "Alpha-3 code": "PRK"}, {"Country": "Korea, Republic of", "Alpha-2 code": "KR", "Alpha-3 code": "KOR"}, {"Country": "South Korea", "Alpha-2 code": "KR", "Alpha-3 code": "KOR"}, {"Country": "Kuwait", "Alpha-2 code": "KW", "Alpha-3 code": "KWT"}, {"Country": "Kyrgyzstan", "Alpha-2 code": "KG", "Alpha-3 code": "KGZ"}, {"Country": "Lao People's Democratic Republic", "Alpha-2 code": "LA", "Alpha-3 code": "LAO"}, {"Country": "Latvia", "Alpha-2 code": "LV", "Alpha-3 code": "LVA"}, {"Country": "Lebanon", "Alpha-2 code": "LB", "Alpha-3 code": "LBN"}, {"Country": "Lesotho", "Alpha-2 code": "LS", "Alpha-3 code": "LSO"}, {"Country": "Liberia", "Alpha-2 code": "LR", "Alpha-3 code": "LBR"}, {"Country": "Libyan Arab Jamahiriya", "Alpha-2 code": "LY", "Alpha-3 code": "LBY"}, {"Country": "Libya", "Alpha-2 code": "LY", "Alpha-3 code": "LBY"}, {"Country": "Liechtenstein", "Alpha-2 code": "LI", "Alpha-3 code": "LIE"}, {"Country": "Lithuania", "Alpha-2 code": "LT", "Alpha-3 code": "LTU"}, {"Country": "Luxembourg", "Alpha-2 code": "LU", "Alpha-3 code": "LUX"}, {"Country": "Macao", "Alpha-2 code": "MO", "Alpha-3 code": "MAC"}, {"Country": "Macedonia, the former Yugoslav Republic of", "Alpha-2 code": "MK", "Alpha-3 code": "MKD"}, {"Country": "Madagascar", "Alpha-2 code": "MG", "Alpha-3 code": "MDG"}, {"Country": "Malawi", "Alpha-2 code": "MW", "Alpha-3 code": "MWI"}, {"Country": "Malaysia", "Alpha-2 code": "MY", "Alpha-3 code": "MYS"}, {"Country": "Maldives", "Alpha-2 code": "MV", "Alpha-3 code": "MDV"}, {"Country": "Mali", "Alpha-2 code": "ML", "Alpha-3 code": "MLI"}, {"Country": "Malta", "Alpha-2 code": "MT", "Alpha-3 code": "MLT"}, {"Country": "Marshall Islands", "Alpha-2 code": "MH", "Alpha-3 code": "MHL"}, {"Country": "Martinique", "Alpha-2 code": "MQ", "Alpha-3 code": "MTQ"}, {"Country": "Mauritania", "Alpha-2 code": "MR", "Alpha-3 code": "MRT"}, {"Country": "Mauritius", "Alpha-2 code": "MU", "Alpha-3 code": "MUS"}, {"Country": "Mayotte", "Alpha-2 code": "YT", "Alpha-3 code": "MYT"}, {"Country": "Mexico", "Alpha-2 code": "MX", "Alpha-3 code": "MEX"}, {"Country": "Micronesia, Federated States of", "Alpha-2 code": "FM", "Alpha-3 code": "FSM"}, {"Country": "Moldova, Republic of", "Alpha-2 code": "MD", "Alpha-3 code": "MDA"}, {"Country": "Monaco", "Alpha-2 code": "MC", "Alpha-3 code": "MCO"}, {"Country": "Mongolia", "Alpha-2 code": "MN", "Alpha-3 code": "MNG"}, {"Country": "Montenegro", "Alpha-2 code": "ME", "Alpha-3 code": "MNE"}, {"Country": "Montserrat", "Alpha-2 code": "MS", "Alpha-3 code": "MSR"}, {"Country": "Morocco", "Alpha-2 code": "MA", "Alpha-3 code": "MAR"}, {"Country": "Mozambique", "Alpha-2 code": "MZ", "Alpha-3 code": "MOZ"}, {"Country": "Myanmar", "Alpha-2 code": "MM", "Alpha-3 code": "MMR"}, {"Country": "Burma", "Alpha-2 code": "MM", "Alpha-3 code": "MMR"}, {"Country": "Namibia", "Alpha-2 code": "NA", "Alpha-3 code": "NAM"}, {"Country": "Nauru", "Alpha-2 code": "NR", "Alpha-3 code": "NRU"}, {"Country": "Nepal", "Alpha-2 code": "NP", "Alpha-3 code": "NPL"}, {"Country": "Netherlands", "Alpha-2 code": "NL", "Alpha-3 code": "NLD"}, {"Country": "Netherlands Antilles", "Alpha-2 code": "AN", "Alpha-3 code": "ANT"}, {"Country": "New Caledonia", "Alpha-2 code": "NC", "Alpha-3 code": "NCL"}, {"Country": "New Zealand", "Alpha-2 code": "NZ", "Alpha-3 code": "NZL"}, {"Country": "Nicaragua", "Alpha-2 code": "NI", "Alpha-3 code": "NIC"}, {"Country": "Niger", "Alpha-2 code": "NE", "Alpha-3 code": "NER"}, {"Country": "Nigeria", "Alpha-2 code": "NG", "Alpha-3 code": "NGA"}, {"Country": "Niue", "Alpha-2 code": "NU", "Alpha-3 code": "NIU"}, {"Country": "Norfolk Island", "Alpha-2 code": "NF", "Alpha-3 code": "NFK"}, {"Country": "Northern Mariana Islands", "Alpha-2 code": "MP", "Alpha-3 code": "MNP"}, {"Country": "Norway", "Alpha-2 code": "NO", "Alpha-3 code": "NOR"}, {"Country": "Oman", "Alpha-2 code": "OM", "Alpha-3 code": "OMN"}, {"Country": "Pakistan", "Alpha-2 code": "PK", "Alpha-3 code": "PAK"}, {"Country": "Palau", "Alpha-2 code": "PW", "Alpha-3 code": "PLW"}, {"Country": "Palestinian Territory, Occupied", "Alpha-2 code": "PS", "Alpha-3 code": "PSE"}, {"Country": "Panama", "Alpha-2 code": "PA", "Alpha-3 code": "PAN"}, {"Country": "Papua New Guinea", "Alpha-2 code": "PG", "Alpha-3 code": "PNG"}, {"Country": "Paraguay", "Alpha-2 code": "PY", "Alpha-3 code": "PRY"}, {"Country": "Peru", "Alpha-2 code": "PE", "Alpha-3 code": "PER"}, {"Country": "Philippines", "Alpha-2 code": "PH", "Alpha-3 code": "PHL"}, {"Country": "Pitcairn", "Alpha-2 code": "PN", "Alpha-3 code": "PCN"}, {"Country": "Poland", "Alpha-2 code": "PL", "Alpha-3 code": "POL"}, {"Country": "Portugal", "Alpha-2 code": "PT", "Alpha-3 code": "PRT"}, {"Country": "Puerto Rico", "Alpha-2 code": "PR", "Alpha-3 code": "PRI"}, {"Country": "Qatar", "Alpha-2 code": "QA", "Alpha-3 code": "QAT"}, {"Country": "R\u00e9union", "Alpha-2 code": "RE", "Alpha-3 code": "REU"}, {"Country": "Romania", "Alpha-2 code": "RO", "Alpha-3 code": "ROU"}, {"Country": "Russian Federation", "Alpha-2 code": "RU", "Alpha-3 code": "RUS"}, {"Country": "Russia", "Alpha-2 code": "RU", "Alpha-3 code": "RUS"}, {"Country": "Rwanda", "Alpha-2 code": "RW", "Alpha-3 code": "RWA"}, {"Country": "Saint Helena, Ascension and Tristan da Cunha", "Alpha-2 code": "SH", "Alpha-3 code": "SHN"}, {"Country": "Saint Kitts and Nevis", "Alpha-2 code": "KN", "Alpha-3 code": "KNA"}, {"Country": "Saint Lucia", "Alpha-2 code": "LC", "Alpha-3 code": "LCA"}, {"Country": "Saint Pierre and Miquelon", "Alpha-2 code": "PM", "Alpha-3 code": "SPM"}, {"Country": "Saint Vincent and the Grenadines", "Alpha-2 code": "VC", "Alpha-3 code": "VCT"}, {"Country": "Saint Vincent & the Grenadines", "Alpha-2 code": "VC", "Alpha-3 code": "VCT"}, {"Country": "St. Vincent and the Grenadines", "Alpha-2 code": "VC", "Alpha-3 code": "VCT"}, {"Country": "Samoa", "Alpha-2 code": "WS", "Alpha-3 code": "WSM"}, {"Country": "San Marino", "Alpha-2 code": "SM", "Alpha-3 code": "SMR"}, {"Country": "Sao Tome and Principe", "Alpha-2 code": "ST", "Alpha-3 code": "STP"}, {"Country": "Saudi Arabia", "Alpha-2 code": "SA", "Alpha-3 code": "SAU"}, {"Country": "Senegal", "Alpha-2 code": "SN", "Alpha-3 code": "SEN"}, {"Country": "Serbia", "Alpha-2 code": "RS", "Alpha-3 code": "SRB"}, {"Country": "Seychelles", "Alpha-2 code": "SC", "Alpha-3 code": "SYC"}, {"Country": "Sierra Leone", "Alpha-2 code": "SL", "Alpha-3 code": "SLE"}, {"Country": "Singapore", "Alpha-2 code": "SG", "Alpha-3 code": "SGP"}, {"Country": "Slovakia", "Alpha-2 code": "SK", "Alpha-3 code": "SVK"}, {"Country": "Slovenia", "Alpha-2 code": "SI", "Alpha-3 code": "SVN"}, {"Country": "Solomon Islands", "Alpha-2 code": "SB", "Alpha-3 code": "SLB"}, {"Country": "Somalia", "Alpha-2 code": "SO", "Alpha-3 code": "SOM"}, {"Country": "South Africa", "Alpha-2 code": "ZA", "Alpha-3 code": "ZAF"}, {"Country": "South Georgia and the South Sandwich Islands", "Alpha-2 code": "GS", "Alpha-3 code": "SGS"}, {"Country": "Spain", "Alpha-2 code": "ES", "Alpha-3 code": "ESP"}, {"Country": "Sri Lanka", "Alpha-2 code": "LK", "Alpha-3 code": "LKA"}, {"Country": "Sudan", "Alpha-2 code": "SD", "Alpha-3 code": "SDN"}, {"Country": "Suriname", "Alpha-2 code": "SR", "Alpha-3 code": "SUR"}, {"Country": "Svalbard and Jan Mayen", "Alpha-2 code": "SJ", "Alpha-3 code": "SJM"}, {"Country": "Swaziland", "Alpha-2 code": "SZ", "Alpha-3 code": "SWZ"}, {"Country": "Sweden", "Alpha-2 code": "SE", "Alpha-3 code": "SWE"}, {"Country": "Switzerland", "Alpha-2 code": "CH", "Alpha-3 code": "CHE"}, {"Country": "Syrian Arab Republic", "Alpha-2 code": "SY", "Alpha-3 code": "SYR"}, {"Country": "Taiwan, Province of China", "Alpha-2 code": "TW", "Alpha-3 code": "TWN"}, {"Country": "Taiwan", "Alpha-2 code": "TW", "Alpha-3 code": "TWN"}, {"Country": "Tajikistan", "Alpha-2 code": "TJ", "Alpha-3 code": "TJK"}, {"Country": "Tanzania, United Republic of", "Alpha-2 code": "TZ", "Alpha-3 code": "TZA"}, {"Country": "Thailand", "Alpha-2 code": "TH", "Alpha-3 code": "THA"}, {"Country": "Timor-Leste", "Alpha-2 code": "TL", "Alpha-3 code": "TLS"}, {"Country": "Togo", "Alpha-2 code": "TG", "Alpha-3 code": "TGO"}, {"Country": "Tokelau", "Alpha-2 code": "TK", "Alpha-3 code": "TKL"}, {"Country": "Tonga", "Alpha-2 code": "TO", "Alpha-3 code": "TON"}, {"Country": "Trinidad and Tobago", "Alpha-2 code": "TT", "Alpha-3 code": "TTO"}, {"Country": "Trinidad & Tobago", "Alpha-2 code": "TT", "Alpha-3 code": "TTO"}, {"Country": "Tunisia", "Alpha-2 code": "TN", "Alpha-3 code": "TUN"}, {"Country": "Turkey", "Alpha-2 code": "TR", "Alpha-3 code": "TUR"}, {"Country": "Turkmenistan", "Alpha-2 code": "TM", "Alpha-3 code": "TKM"}, {"Country": "Turks and Caicos Islands", "Alpha-2 code": "TC", "Alpha-3 code": "TCA"}, {"Country": "Tuvalu", "Alpha-2 code": "TV", "Alpha-3 code": "TUV"}, {"Country": "Uganda", "Alpha-2 code": "UG", "Alpha-3 code": "UGA"}, {"Country": "Ukraine", "Alpha-2 code": "UA", "Alpha-3 code": "UKR"}, {"Country": "United Arab Emirates", "Alpha-2 code": "AE", "Alpha-3 code": "ARE"}, {"Country": "United Kingdom", "Alpha-2 code": "GB", "Alpha-3 code": "GBR"}, {"Country": "United States of America", "Alpha-2 code": "US", "Alpha-3 code": "USA"}, {"Country": "United States Minor Outlying Islands", "Alpha-2 code": "UM", "Alpha-3 code": "UMI"}, {"Country": "Uruguay", "Alpha-2 code": "UY", "Alpha-3 code": "URY"}, {"Country": "Uzbekistan", "Alpha-2 code": "UZ", "Alpha-3 code": "UZB"}, {"Country": "Vanuatu", "Alpha-2 code": "VU", "Alpha-3 code": "VUT"}, {"Country": "Venezuela, Bolivarian Republic of", "Alpha-2 code": "VE", "Alpha-3 code": "VEN"}, {"Country": "Venezuela", "Alpha-2 code": "VE", "Alpha-3 code": "VEN"}, {"Country": "Viet Nam", "Alpha-2 code": "VN", "Alpha-3 code": "VNM"}, {"Country": "Vietnam", "Alpha-2 code": "VN", "Alpha-3 code": "VNM"}, {"Country": "Virgin Islands, British", "Alpha-2 code": "VG", "Alpha-3 code": "VGB"}, {"Country": "Virgin Islands, U.S.", "Alpha-2 code": "VI", "Alpha-3 code": "VIR"}, {"Country": "Wallis and Futuna", "Alpha-2 code": "WF", "Alpha-3 code": "WLF"}, {"Country": "Western Sahara", "Alpha-2 code": "EH", "Alpha-3 code": "ESH"}, {"Country": "Yemen", "Alpha-2 code": "YE", "Alpha-3 code": "YEM"}, {"Country": "Zambia", "Alpha-2 code": "ZM", "Alpha-3 code": "ZMB"}, {"Country": "Zimbabwe", "Alpha-2 code": "ZW", "Alpha-3 code": "ZWE"}]}